region_code,country_code,country_name,income_group,iso2_code
SSA,AGO,Angola,Lower middle income,AO
ECA,ALB,Albania,Upper middle income,AL
OHI,ARE,United Arab Emirates,High income,AE
LAC,ARG,Argentina,Upper middle income,AR
ECA,ARM,Armenia,Upper middle income,AM
OHI,AUS,Australia,High income,AU
OHI,AUT,Austria,High income,AT
ECA,AZE,Azerbaijan,Upper middle income,AZ
SSA,BDI,Burundi,Low income,BI
OHI,BEL,Belgium,High income,BE
SSA,BEN,Benin,Lower middle income,BJ
SSA,BFA,Burkina Faso,Low income,BF
SAS,BGD,Bangladesh,Lower middle income,BD
ECA,BGR,Bulgaria,Upper middle income,BG
ECA,BIH,Bosnia and Herzegovina,Upper middle income,BA
ECA,BLR,Belarus,Upper middle income,BY
LAC,BLZ,Belize,Lower middle income,BZ
LAC,BOL,Bolivia,Lower middle income,BO
LAC,BRA,Brazil,Upper middle income,BR
SAS,BTN,Bhutan,Lower middle income,BT
SSA,BWA,Botswana,Upper middle income,BW
SSA,CAF,Central African Republic,Low income,CF
OHI,CAN,Canada,High income,CA
OHI,CHE,Switzerland,High income,CH
LAC,CHL,Chile,High income,CL
EAP,CHN,China,Upper middle income,CN
SSA,CIV,Cote d'Ivoire,Lower middle income,CI
SSA,CMR,Cameroon,Lower middle income,CM
SSA,COD,"Congo, Dem. Rep.",Low income,CD
SSA,COG,"Congo, Rep.",Lower middle income,CG
LAC,COL,Colombia,Upper middle income,CO
SSA,COM,Comoros,Lower middle income,KM
SSA,CPV,Cabo Verde,Lower middle income,CV
LAC,CRI,Costa Rica,Upper middle income,CR
OHI,CYP,Cyprus,High income,CY
ECA,CZE,Czech Republic,High income,CZ
OHI,DEU,Germany,High income,DE
MNA,DJI,Djibouti,Lower middle income,DJ
OHI,DNK,Denmark,High income,DK
LAC,DOM,Dominican Republic,Upper middle income,DO
MNA,DZA,Algeria,Lower middle income,DZ
LAC,ECU,Ecuador,Upper middle income,EC
MNA,EGY,"Egypt, Arab Rep.",Lower middle income,EG
OHI,ESP,Spain,High income,ES
ECA,EST,Estonia,High income,EE
SSA,ETH,Ethiopia,Low income,ET
OHI,FIN,Finland,High income,FI
EAP,FJI,Fiji,Upper middle income,FJ
OHI,FRA,France,High income,FR
EAP,FSM,"Micronesia, Fed. Sts.",Lower middle income,FM
SSA,GAB,Gabon,Upper middle income,GA
OHI,GBR,United Kingdom,High income,GB
ECA,GEO,Georgia,Upper middle income,GE
SSA,GHA,Ghana,Lower middle income,GH
SSA,GIN,Guinea,Low income,GN
SSA,GMB,"Gambia, The",Low income,GM
SSA,GNB,Guinea-Bissau,Low income,GW
OHI,GRC,Greece,High income,GR
LAC,GTM,Guatemala,Upper middle income,GT
LAC,GUY,Guyana,Upper middle income,GY
LAC,HND,Honduras,Lower middle income,HN
ECA,HRV,Croatia,High income,HR
LAC,HTI,Haiti,Lower middle income,HT
ECA,HUN,Hungary,High income,HU
EAP,IDN,Indonesia,Lower middle income,ID
SAS,IND,India,Lower middle income,IN
OHI,IRL,Ireland,High income,IE
MNA,IRN,"Iran, Islamic Rep.",Lower middle income,IR
MNA,IRQ,Iraq,Upper middle income,IQ
OHI,ISL,Iceland,High income,IS
OHI,ISR,Israel,High income,IL
OHI,ITA,Italy,High income,IT
LAC,JAM,Jamaica,Upper middle income,JM
MNA,JOR,Jordan,Upper middle income,JO
OHI,JPN,Japan,High income,JP
ECA,KAZ,Kazakhstan,Upper middle income,KZ
SSA,KEN,Kenya,Lower middle income,KE
ECA,KGZ,Kyrgyz Republic,Lower middle income,KG
EAP,KIR,Kiribati,Lower middle income,KI
OHI,KOR,"Korea, Rep.",High income,KR
EAP,LAO,Lao PDR,Lower middle income,LA
MNA,LBN,Lebanon,Upper middle income,LB
SSA,LBR,Liberia,Low income,LR
LAC,LCA,St. Lucia,Upper middle income,LC
SAS,LKA,Sri Lanka,Lower middle income,LK
SSA,LSO,Lesotho,Lower middle income,LS
ECA,LTU,Lithuania,High income,LT
OHI,LUX,Luxembourg,High income,LU
ECA,LVA,Latvia,High income,LV
MNA,MAR,Morocco,Lower middle income,MA
ECA,MDA,Moldova,Upper middle income,MD
SSA,MDG,Madagascar,Low income,MG
SAS,MDV,Maldives,Upper middle income,MV
LAC,MEX,Mexico,Upper middle income,MX
EAP,MHL,Marshall Islands,Upper middle income,MH
ECA,MKD,North Macedonia,Upper middle income,MK
SSA,MLI,Mali,Low income,ML
OHI,MLT,Malta,High income,MT
EAP,MMR,Myanmar,Lower middle income,MM
ECA,MNE,Montenegro,Upper middle income,ME
EAP,MNG,Mongolia,Lower middle income,MN
SSA,MOZ,Mozambique,Low income,MZ
SSA,MRT,Mauritania,Lower middle income,MR
SSA,MUS,Mauritius,Upper middle income,MU
SSA,MWI,Malawi,Low income,MW
EAP,MYS,Malaysia,Upper middle income,MY
SSA,NAM,Namibia,Upper middle income,NA
SSA,NER,Niger,Low income,NE
SSA,NGA,Nigeria,Lower middle income,NG
LAC,NIC,Nicaragua,Lower middle income,NI
OHI,NLD,Netherlands,High income,NL
OHI,NOR,Norway,High income,NO
SAS,NPL,Nepal,Lower middle income,NP
OHI,NRU,Nauru,High income,NR
SAS,PAK,Pakistan,Lower middle income,PK
LAC,PAN,Panama,Upper middle income,PA
LAC,PER,Peru,Upper middle income,PE
EAP,PHL,Philippines,Lower middle income,PH
EAP,PNG,Papua New Guinea,Lower middle income,PG
ECA,POL,Poland,High income,PL
OHI,PRT,Portugal,High income,PT
LAC,PRY,Paraguay,Upper middle income,PY
MNA,PSE,West Bank and Gaza,Lower middle income,PS
ECA,ROU,Romania,Upper middle income,RO
ECA,RUS,Russian Federation,Upper middle income,RU
SSA,RWA,Rwanda,Low income,RW
SSA,SDN,Sudan,Low income,SD
SSA,SEN,Senegal,Lower middle income,SN
EAP,SLB,Solomon Islands,Lower middle income,SB
SSA,SLE,Sierra Leone,Low income,SL
LAC,SLV,El Salvador,Lower middle income,SV
SSA,SOM,Somalia,Low income,SO
ECA,SRB,Serbia,Upper middle income,RS
SSA,SSD,South Sudan,Low income,SS
SSA,STP,Sao Tome and Principe,Lower middle income,ST
LAC,SUR,Suriname,Upper middle income,SR
ECA,SVK,Slovak Republic,High income,SK
ECA,SVN,Slovenia,High income,SI
OHI,SWE,Sweden,High income,SE
SSA,SWZ,Eswatini,Lower middle income,SZ
SSA,SYC,Seychelles,High income,SC
MNA,SYR,Syrian Arab Republic,Low income,SY
SSA,TCD,Chad,Low income,TD
SSA,TGO,Togo,Low income,TG
EAP,THA,Thailand,Upper middle income,TH
ECA,TJK,Tajikistan,Lower middle income,TJ
ECA,TKM,Turkmenistan,Upper middle income,TM
EAP,TLS,Timor-Leste,Lower middle income,TL
EAP,TON,Tonga,Upper middle income,TO
LAC,TTO,Trinidad and Tobago,High income,TT
MNA,TUN,Tunisia,Lower middle income,TN
ECA,TUR,Turkey,Upper middle income,TR
EAP,TUV,Tuvalu,Upper middle income,TV
OHI,TWN,"Taiwan, China",High income,TW
SSA,TZA,Tanzania,Lower middle income,TZ
SSA,UGA,Uganda,Low income,UG
ECA,UKR,Ukraine,Lower middle income,UA
LAC,URY,Uruguay,High income,UY
OHI,USA,United States,High income,US
ECA,UZB,Uzbekistan,Lower middle income,UZ
LAC,VEN,"Venezuela, RB",Not classified,VE
EAP,VNM,Vietnam,Lower middle income,VN
EAP,VUT,Vanuatu,Lower middle income,VU
EAP,WSM,Samoa,Lower middle income,WS
ECA,XKX,Kosovo,Upper middle income,XK
MNA,YEM,"Yemen, Rep.",Low income,YE
SSA,ZAF,South Africa,Upper middle income,ZA
SSA,ZMB,Zambia,Lower middle income,ZM
SSA,ZWE,Zimbabwe,Lower middle income,ZW
